{
  "matrix_multiplication": {
    "matrix_sizes": [
      89,
      144,
      233,
      377,
      610
    ],
    "standard_times": [
      5.3882598876953125e-05,
      0.0002962350845336914,
      0.03039240837097168,
      0.03134334087371826,
      0.03945326805114746
    ],
    "phi_blocked_times": [
      0.0004801750183105469,
      0.00024831295013427734,
      0.003460526466369629,
      0.005287528038024902,
      0.06904792785644531
    ],
    "phi_improvements": [
      791.150442477876,
      -16.177062374245477,
      -88.61384585212787,
      -83.13029852392489,
      75.0119350491603
    ],
    "standard_gflops": [
      26.166852182088498,
      20.15955675675815,
      0.8324010947471739,
      3.419076046544204,
      11.506321844149408
    ],
    "phi_blocked_gflops": [
      2.936300195209533,
      24.050167326233318,
      7.31064311914954,
      20.2675551277134,
      6.574592664733019
    ],
    "block_sizes": [
      8,
      8,
      13,
      21,
      34
    ],
    "avg_improvement": 135.64823415534764
  },
  "memory_access": {
    "array_sizes": [
      1024,
      4096,
      16384,
      65536,
      262144
    ],
    "sequential_times": [
      1.1444091796875e-05,
      1.4185905456542969e-05,
      2.6941299438476562e-05,
      5.6862831115722656e-05,
      0.00021445751190185547
    ],
    "phi_spiral_times": [
      1.2755393981933594e-05,
      1.5497207641601562e-05,
      2.968311309814453e-05,
      6.985664367675781e-05,
      0.00023305416107177734
    ],
    "phi_improvements": [
      11.458333333333325,
      9.243697478991585,
      10.176991150442483,
      22.851153039832294,
      8.671484157865471
    ],
    "avg_improvement": 12.480331832093032
  },
  "cache_efficiency": {
    "matrix_sizes": [
      512,
      1024,
      2048,
      4096,
      8192
    ],
    "standard_times": [
      0.0015854835510253906,
      0.0026592016220092773,
      0.006733417510986328,
      0.014721393585205078,
      0.04108381271362305
    ],
    "phi_times": [
      0.0011293888092041016,
      0.0017725229263305664,
      0.007762908935546875,
      0.0243300199508667,
      0.10310900211334229
    ],
    "phi_improvements": [
      -28.766917293233085,
      -33.34379342807191,
      15.289285461369584,
      65.26981504874809,
      150.97233022667393
    ],
    "avg_improvement": 33.88414400309732
  },
  "timestamp": "2025-03-20T19:51:44.602511",
  "platform": {
    "python_version": "3.10.12 (main, Feb  4 2025, 14:57:36) [GCC 11.4.0]",
    "numpy_version": "2.0.2",
    "os": "posix",
    "cpu_cores": 20,
    "numba_available": true
  }
}