{
  "matrix_multiplication": {
    "matrix_sizes": [
      89,
      144
    ],
    "standard_times": [
      2.3126602172851562e-05,
      7.82012939453125e-05
    ],
    "phi_blocked_times": [
      0.017780303955078125,
      0.06539607048034668
    ],
    "phi_improvements": [
      76782.47422680413,
      83525.30487804877
    ],
    "standard_gflops": [
      60.96606797063917,
      76.36661362887806
    ],
    "phi_blocked_gflops": [
      0.07929774449088178,
      0.09131998231904073
    ],
    "block_sizes": [
      8,
      8
    ],
    "avg_improvement": 80153.88955242645
  },
  "memory_access": {
    "array_sizes": [
      1024,
      4096
    ],
    "sequential_times": [
      9.560585021972656e-05,
      0.00039386749267578125
    ],
    "phi_spiral_times": [
      0.00021338462829589844,
      0.0007798671722412109
    ],
    "phi_improvements": [
      123.19201995012467,
      98.00242130750605
    ],
    "avg_improvement": 110.59722062881536
  },
  "cache_efficiency": {
    "matrix_sizes": [
      512,
      1024
    ],
    "standard_times": [
      0.03169703483581543,
      0.17589497566223145
    ],
    "phi_times": [
      0.08986043930053711,
      0.3828744888305664
    ],
    "phi_improvements": [
      183.49793526743738,
      117.67221456387401
    ],
    "avg_improvement": 150.5850749156557
  },
  "timestamp": "2025-03-20T15:16:36.666816",
  "platform": {
    "python_version": "3.10.12 (main, Feb  4 2025, 14:57:36) [GCC 11.4.0]",
    "numpy_version": "2.0.2",
    "os": "posix"
  }
}